{
  "/r": {
    "lowValue": 142.5,
    "highValue": 195
  },
  "/s": {
    "min": 60,
    "max": 140,
    "value": 77.5999984741211
  },
  "/k": {"value": 98.79637908935547},
  "/n": {"value": 20.500001907348633}
}